{"cameraMode":{"drawMode":0,"name":"Shaded","section":"Shading Mode"},"sceneLighting":true,"audioPlay":false,"sceneViewState":{"m_AlwaysRefresh":false,"showFog":true,"showSkybox":true,"showFlares":true,"showImageEffects":true,"showParticleSystems":true,"showVisualEffectGraphs":true,"m_FxEnabled":true},"in2DMode":false,"pivot":{"x":2.7684574127197267,"y":0.19197940826416017,"z":-2.902790069580078},"rotation":{"x":0.07160859555006027,"y":-0.8983020186424255,"z":0.1595764011144638,"w":0.40308836102485659},"size":5.0137434005737309,"orthographic":false}