{"cameraMode":{"drawMode":0,"name":"Shaded","section":"Shading Mode"},"sceneLighting":true,"audioPlay":false,"sceneViewState":{"m_AlwaysRefresh":false,"showFog":true,"showSkybox":true,"showFlares":true,"showImageEffects":true,"showParticleSystems":true,"showVisualEffectGraphs":true,"m_FxEnabled":true},"in2DMode":false,"pivot":{"x":-22.737564086914064,"y":-2.368455171585083,"z":-4.0539350509643559},"rotation":{"x":-0.07968991249799729,"y":-0.17225739359855653,"z":0.013981637544929982,"w":-0.9816803336143494},"size":6.780977725982666,"orthographic":false}