{"cameraMode":{"drawMode":0,"name":"Shaded","section":"Shading Mode"},"sceneLighting":true,"audioPlay":false,"sceneViewState":{"m_AlwaysRefresh":false,"showFog":true,"showSkybox":true,"showFlares":true,"showImageEffects":true,"showParticleSystems":true,"showVisualEffectGraphs":true,"m_FxEnabled":true},"in2DMode":false,"pivot":{"x":-12.93447494506836,"y":-1.3066520690917969,"z":5.657554626464844},"rotation":{"x":-0.16291140019893647,"y":-0.33307167887687685,"z":0.058555759489536288,"w":-0.9268255233764648},"size":11.046391487121582,"orthographic":false}